1,vase filled with flowers on top of a table .
9,vase of flowers sitting on a table .
1,vase filled with flowers sitting on top of a table .
5,vase filled with flowers sitting on a table .
4,couple of boats that are sitting in the water .
9,group of boats floating on top of a lake .
9,group of boats floating on top of a river .
4,couple of boats that are in the water .
7,woman holding a tennis racquet on a tennis court .
7,woman holding a tennis racquet on top of a tennis court .
7,woman holding a tennis racket on a tennis court .
7,woman is swinging a tennis racket at a ball
1,vase filled with flowers on top of a table .
1,vase filled with yellow flowers on top of a table .
5,vase filled with flowers sitting on a table .
1,vase filled with flowers sitting on top of a table .
3,couple of giraffe standing next to each other .
4,couple of giraffes are standing in a field
3,couple of giraffe standing next to a tree .
3,group of giraffe standing next to each other .
1,vase filled with flowers on top of a table .
1,vase filled with flowers sitting on top of a table .
5,vase filled with flowers sitting on a table .
9,bouquet of flowers in a vase on a table .
1,vase filled with flowers on top of a table .
1,vase filled with lots of purple flowers .
1,vase filled with yellow flowers on top of a table .
9,bouquet of flowers in a vase on a table .
5,glass vase with some flowers in it
4,vase with a flower inside of it .
4,vase with a flower inside of it
5,vase with a flower in it on a table
1,vase filled with flowers on top of a table .
9,bouquet of flowers in a vase on a table .
5,white vase filled with purple flowers on a table .
1,white vase filled with purple flowers on top of a table .
9,desktop computer sitting on top of a desk .
9,computer monitor sitting on top of a wooden desk .
9,desktop computer monitor sitting on top of a desk .
9,computer monitor sitting on top of a desk .
3,couple of giraffe standing next to each other .
3,couple of giraffe standing next to a tree .
4,couple of giraffes are standing in a pin
3,couple of giraffe standing next to each other on a field .
9,small bird perched on top of a tree branch .
5,small bird perched on a tree branch .
5,small bird perched on a tree branch
9,small bird sitting on a branch of a tree .
1,vase filled with lots of purple flowers .
1,vase filled with flowers on top of a table .
1,vase filled with flowers sitting on top of a table .
5,vase filled with flowers sitting on a table .
9,bunch of vegetables that are on a table .
9,bunch of vegetables that are sitting on a table .
9,bunch of carrots sitting on top of a wooden table .
9,bunch of carrots sitting on top of a table .
0,herd of sheep grazing on a lush green field .
0,herd of sheep grazing on a lush green hillside .
0,herd of sheep standing on top of a lush green field .
4,herd of sheep grazing in a field .
9,birds perched on top of a tree branch .
9,flock of birds sitting on top of a tree .
9,flock of birds sitting on top of a tree branch .
9,birds perched on top of a tree .
4,bowl of soup with a spoon in it .
4,bowl of soup with a spoon in it
4,bowl of soup and a bowl of soup .
9,bowl of soup with a spoon on a table .
1,vase filled with flowers sitting on top of a table .
9,vase of flowers sitting on a table .
5,vase filled with flowers sitting on a table .
1,vase filled with flowers sitting on top of a wooden table .
1,vase filled with flowers on top of a table .
1,vase filled with yellow flowers on top of a table .
5,vase filled with yellow and purple flowers .
5,vase filled with yellow flowers on a table .
1,vase filled with flowers on top of a table .
1,vase filled with yellow flowers on top of a table .
1,vase filled with flowers sitting on top of a table .
5,vase filled with flowers sitting on a table .
8,bunch of bananas hanging from a tree .
8,bunch of green bananas hanging from a tree .
8,bunch of unripe bananas hanging from a tree .
8,bunch of bananas hanging from a tree
7,man holding a tennis racquet on a tennis court .
7,man holding a tennis racquet on top of a tennis court .
7,male tennis player in action on the court .
7,man holding a tennis racket on a tennis court .
7,female tennis player in action on the court .
7,woman is playing tennis on a tennis court .
7,woman is playing tennis on a court
7,woman is playing tennis on a court .
4,plate of food and a cup of coffee .
4,plate of food and a cup of coffee
4,plate of food and a glass of wine
9,plate of food on a table with a drink
0,giraffe standing on top of a lush green field .
0,giraffe standing on top of a grass covered field .
4,giraffe is standing in a grassy field .
4,giraffe standing in the middle of a field .
6,red fire hydrant sitting in the middle of a field .
6,red fire hydrant sitting in the middle of a park .
6,red fire hydrant sitting in the middle of a lush green field .
6,red and white fire hydrant sitting in the middle of a field .
4,close up of a bowl of fruit
9,close up of a bowl of fruit on a table
9,close up of an orange on a table
4,close up of a bowl of oranges
6,traffic light sitting on the side of a road .
6,traffic light sitting on the side of a street .
6,traffic light sitting on the side of a city street .
4,city street at night with a street light
1,vase filled with lots of purple flowers .
1,vase filled with lots of different colored flowers .
1,vase filled with yellow flowers on top of a table .
5,vase filled with yellow flowers on a table .
3,large body of water next to a bridge .
4,large body of water with a bridge spanning it .
4,large body of water with a bridge in the background .
4,large body of water with a bridge in the background
9,large building with a clock on the top .
4,building with a clock on the front of it
9,large building with a clock on top of it .
9,large building with a clock on the top of it .
1,vase filled with lots of purple flowers .
1,vase filled with flowers on top of a table .
1,vase filled with yellow flowers on top of a table .
1,vase filled with lots of flowers on top of a table .
4,bunch of flowers that are sitting in the grass .
4,bunch of flowers that are in a tree .
4,bunch of flowers that are sitting in a tree .
4,bunch of flowers that are in a tree
9,vase of flowers sitting on a table .
9,vase of flowers sitting on a table
9,vase of flowers on a table in a room .
9,vase of flowers on a table in a room
5,vase filled with flowers sitting on a window sill .
1,vase filled with flowers sitting on top of a table .
5,vase filled with flowers sitting on a table .
9,vase of flowers sitting on a window sill .
8,bunch of bananas hanging from a tree .
8,bunch of green bananas hanging from a tree .
8,bunch of unripe bananas hanging from a tree .
8,bunch of bananas hanging from a tree
4,plate of fruit and a cup of coffee .
4,plate of food with a glass of orange juice .
4,plate of fruit and a cup of coffee
4,plate of food with a glass of orange juice
1,vase filled with flowers on top of a table .
5,glass vase with some flowers in it
1,vase filled with flowers sitting on top of a table .
5,vase filled with flowers sitting on a table .
4,row of urinals mounted to a wall .
4,row of urinals mounted to the side of a wall .
4,couple of toilets that are in a room .
4,couple of toilets that are in a room
4,group of kites flying in the sky .
4,group of people flying kites in a field .
4,group of kites flying in the air .
4,group of kites flying in the sky
4,clock hanging from the ceiling of a building .
4,clock hanging from the side of a building .
4,building with a clock on the side of it
4,clock hanging from the ceiling of a building
1,vase filled with flowers on top of a table .
5,vase filled with flowers on a table .
9,bouquet of flowers in a vase on a table .
4,bouquet of flowers in a glass vase .
1,vase filled with flowers on top of a table .
1,vase filled with lots of purple flowers .
1,vase filled with lots of different colored flowers .
1,vase filled with lots of flowers on top of a table .
1,vase filled with flowers on top of a table .
5,glass vase with some flowers in it
1,vase filled with flowers sitting on top of a table .
1,glass vase filled with yellow flowers on top of a table .
4,table topped with lots of different cakes .
9,table topped with cakes and cupcakes on top of a table .
9,table topped with cakes and cakes on top of it .
9,table topped with cakes and cupcakes on top of it .
4,table topped with plates and bowls of food .
5,table topped with plates and bowls filled with food .
4,table topped with plates of food and cups of coffee .
4,table topped with plates of food and cups .
4,little girl holding a toothbrush in her hand .
4,little girl holding a toothbrush in her hands .
4,little girl that is holding a toothbrush .
4,little girl holding a toothbrush in her mouth .
1,vase filled with flowers on top of a table .
1,vase filled with lots of purple flowers .
1,vase filled with flowers sitting on top of a table .
5,vase filled with flowers sitting on a table .
6,red stop sign sitting on the side of a road .
3,red stop sign sitting next to a tree .
6,red stop sign sitting in the middle of a forest .
6,red stop sign sitting on the side of a street .
4,red and white bus parked in front of a building .
4,red and white bus parked in a parking lot .
3,red and white bus parked next to a building .
4,red and white bus parked in front of a store .
1,vase filled with flowers on top of a table .
1,vase filled with flowers sitting on top of a table .
5,vase filled with flowers sitting on a table .
1,vase filled with pink flowers on top of a table .
7,group of people standing on top of a tennis court .
4,group of people playing a game of tennis .
7,group of people playing tennis on a tennis court .
7,group of people playing tennis on a court .
1,vase filled with flowers on top of a table .
1,vase filled with flowers sitting on top of a table .
5,vase filled with flowers sitting on a table .
5,white vase filled with purple flowers on a table .
1,vase filled with flowers on top of a table .
1,vase filled with lots of purple flowers .
1,vase filled with flowers sitting on top of a table .
5,vase filled with flowers sitting on a table .
1,vase filled with flowers on top of a table .
1,vase filled with flowers sitting on top of a table .
5,vase filled with flowers sitting on a table .
1,vase filled with flowers on top of a window sill .
6,park bench sitting in the middle of a park .
6,park bench sitting in the middle of a forest .
6,park bench sitting in the middle of a lush green park .
6,park bench sitting in the middle of a field .
1,vase filled with flowers on top of a table .
9,vase of flowers sitting on a table .
5,vase filled with flowers on a table .
9,vase of flowers sitting on a table
8,bunch of bananas hanging from a tree .
8,bunch of green bananas hanging from a tree .
8,bunch of bananas hanging from a tree
8,bunch of green bananas hanging from a tree
3,giraffe standing next to a tree in a forest .
4,giraffe standing in the middle of a forest .
3,giraffe standing next to a tree in a field .
3,giraffe standing next to a tree on a lush green field .
3,couple of men standing next to each other .
3,group of men standing next to each other .
3,man and a woman standing next to each other .
3,couple of men standing next to each other in a forest .
1,vase filled with lots of purple flowers .
1,vase filled with lots of different colored flowers .
5,glass vase filled with yellow flowers on a table .
1,glass vase filled with yellow flowers on top of a table .
5,small bird perched on a tree branch .
5,small bird sitting on a tree branch .
5,small bird sitting on a tree branch
5,small bird perched on a tree branch
1,vase filled with flowers on top of a table .
1,vase filled with lots of purple flowers .
5,vase filled with flowers on a table .
1,vase filled with flowers on top of a wooden table .
6,red fire hydrant sitting in the middle of a forest .
6,red fire hydrant in the middle of a forest .
6,red fire hydrant sitting in the middle of a field .
6,red fire hydrant in the middle of a field .
1,vase filled with flowers on top of a table .
1,vase filled with flowers sitting on top of a table .
1,vase filled with yellow flowers on top of a table .
5,vase filled with flowers sitting on a table .
5,colorful bird sitting on a tree branch .
5,colorful bird is sitting on a tree branch .
5,colorful bird is sitting on a branch .
5,colorful bird sitting on a tree branch
9,panda bear sitting on top of a rock .
9,panda bear sitting on top of a tree stump .
9,panda bear sitting on top of a tree .
9,panda bear sitting on top of a pile of rocks .
3,giraffe standing next to a tree in a field .
3,giraffe standing next to a tree in a forest .
4,giraffe standing in the grass near a tree .
3,giraffe standing in a field next to a tree .
1,vase filled with flowers on top of a table .
1,vase filled with flowers sitting on top of a table .
5,vase filled with flowers sitting on a table .
9,bouquet of flowers in a vase on a table .
1,vase filled with flowers on top of a table .
9,vase of flowers sitting on a table .
1,vase filled with lots of flowers on top of a table .
9,vase of flowers sitting on a table
9,white wedding cake sitting on a table .
9,white wedding cake sitting on top of a table .
9,white wedding cake sitting on a table
9,white wedding cake sitting on top of a white plate .
4,white plate topped with a piece of cake .
4,white plate topped with a piece of food .
4,white plate topped with a piece of cake and a fork .
9,white plate with a piece of cake on it
7,female tennis player in action on the court .
7,tennis player swinging a racket at a ball
7,tennis player in action on the court .
7,tennis player swinging a racket at a tennis ball
1,vase filled with flowers on top of a table .
1,vase filled with flowers sitting on top of a table .
5,vase filled with flowers sitting on a table .
1,vase filled with lots of flowers on top of a table .
0,herd of cattle standing on top of a grass covered field .
0,herd of cattle standing on top of a lush green field .
4,couple of cows standing in a field .
0,herd of cattle standing on top of a dry grass field .
1,vase filled with flowers on top of a table .
1,vase filled with flowers sitting on top of a table .
5,vase filled with flowers sitting on a table .
1,vase filled with yellow flowers on top of a table .
2,living room with a couch and a table
2,bedroom with a bed and a large window .
2,bedroom with a bed and a window
2,living room with a couch and a chair
6,red stop sign sitting on the side of a road .
6,red stop sign sitting on the side of a street .
9,red stop sign sitting on top of a metal pole .
9,red stop sign sitting on top of a wooden pole .
4,group of tennis players posing for a picture .
4,group of tennis players pose for a picture .
4,group of tennis players pose for a photo .
4,black and white photo of a tennis team
6,red fire hydrant sitting on the side of a road .
6,red fire hydrant sitting in the middle of a park .
6,red fire hydrant sitting in the middle of a sidewalk .
6,red fire hydrant sitting on the side of a street .
4,boat that is sitting in the water .
4,couple of boats that are sitting in the water .
9,couple of boats floating on top of a river .
9,couple of boats floating on top of a body of water .
8,bunch of green apples hanging from a tree .
8,bunch of green bananas hanging from a tree .
8,bunch of green apples growing on a tree .
8,bunch of green apples hanging from a tree
3,couple of giraffe standing next to each other .
3,couple of giraffe standing next to a wooden fence .
4,couple of giraffes are standing in a pin
3,couple of giraffe standing next to a fence .
9,brown teddy bear sitting on top of a tree .
4,brown teddy bear sitting in a tree .
9,brown teddy bear sitting on top of a tree branch .
5,brown teddy bear sitting on a tree branch .
4,giraffe standing in the middle of a forest .
4,giraffe standing in the middle of a field .
4,giraffe is standing in a grassy field .
0,giraffe standing in the middle of a lush green field .
1,vase filled with flowers on top of a table .
1,vase filled with flowers sitting on top of a table .
5,vase filled with flowers sitting on a table .
1,vase filled with yellow flowers on top of a table .
4,man jumping up to catch a frisbee
4,man in white shirt and black shorts playing a game of tennis .
4,man jumping up to catch a frisbee .
4,man in white shirt and shorts playing a game of tennis .
4,bowl of broccoli and cauliflower with a spoon .
4,bowl of broccoli and cauliflower with a spoon
9,bowl of broccoli , cauliflower , and carrots on a table .
4,bowl of broccoli , cauliflower , carrots and other vegetables .
8,bunch of bananas hanging from a tree .
8,bunch of green bananas hanging from a tree .
8,bunch of bananas hanging from a tree
8,bunch of green bananas hanging from a banana tree .
5,teddy bear is laying on a bed .
5,stuffed teddy bear sitting on a bed .
5,teddy bear is laying on a bed
5,stuffed teddy bear sitting on a bed
5,wooden table topped with a vase filled with flowers .
9,vase of flowers sitting on a table .
9,vase of flowers sitting on a table
1,table with a vase of flowers on it
4,rear view mirror showing a reflection of a school bus .
4,rear view mirror showing a reflection of a dog .
4,rear view mirror showing a reflection of a dog
4,rear view mirror showing a reflection of a school bus
7,man standing on a tennis court holding a racquet .
7,man standing on top of a tennis court holding a racquet .
7,man standing on a tennis court holding a tennis racquet .
7,man standing on a tennis court with a racquet .
3,couple of giraffe standing next to each other .
4,couple of giraffes are standing in a field
0,couple of giraffe standing on top of a lush green field .
3,couple of giraffe standing next to a tree .
3,bicycle is parked next to a stop sign .
6,bicycle parked on the side of a street .
3,bicycle parked next to a stop sign .
6,bicycle parked on the side of a road .
9,close up of a knife on a cutting board
9,close up of a pair of scissors on a table
9,close up of a knife on a table
9,pair of scissors sitting on a table
9,black and white cat laying on top of a desk .
9,black and white cat laying on top of a computer keyboard .
9,black and white cat sitting on top of a desk .
9,black and white cat sitting on top of a computer keyboard .
1,vase filled with flowers on top of a table .
9,bouquet of flowers in a vase on a table .
1,vase filled with lots of flowers on top of a table .
9,vase of flowers on a table
4,man riding a skateboard down the side of a ramp .
4,man riding a skateboard up the side of a ramp .
4,man riding a skateboard down the side of a rail .
4,man riding a skateboard down a rail .
3,couple of giraffe standing next to each other .
3,couple of giraffe standing next to a tree .
4,couple of giraffes are standing in a field
3,giraffe standing next to a tree in a forest .
